{
  "A1_Quantum": {
    "BTC": [
      1.2466576408944587,
      1.067576658265457,
      1.5408947321745923,
      0.9324773101491248,
      1.1115540375593815
    ],
    "Apple": [
      0.3464871009257749,
      0.11751997643741428,
      0.25435803905975873,
      0.21662002530533161,
      0.084847952016325
    ]
  },
  "A6_Identity": {
    "BTC": [
      0.3557683002598932,
      0.19889579941924346,
      0.28228813631496363,
      0.5898880900298205,
      0.41273133905555814
    ],
    "Apple": [
      0.11873226686299485,
      0.10436688831724535,
      0.06993812177599588,
      0.10711426871130539,
      0.07591358936888803
    ]
  },
  "A7_MLP": {
    "BTC": [
      1.0424921129886953,
      0.9492986376965545,
      0.905849555385093,
      0.8678637434313747,
      1.0544862973926625
    ],
    "Apple": [
      0.19883783990157206,
      0.08379118448686561,
      0.06880893358376101,
      0.09925507342066643,
      0.08645738658161013
    ]
  }
}